/*
SQLyog Ultimate v12.08 (64 bit)
MySQL - 8.0.17 : Database - 360hotel
*********************************************************************
*/

/*!40101 SET NAMES utf8 */;

/*!40101 SET SQL_MODE=''*/;

/*!40014 SET @OLD_UNIQUE_CHECKS=@@UNIQUE_CHECKS, UNIQUE_CHECKS=0 */;
/*!40014 SET @OLD_FOREIGN_KEY_CHECKS=@@FOREIGN_KEY_CHECKS, FOREIGN_KEY_CHECKS=0 */;
/*!40101 SET @OLD_SQL_MODE=@@SQL_MODE, SQL_MODE='NO_AUTO_VALUE_ON_ZERO' */;
/*!40111 SET @OLD_SQL_NOTES=@@SQL_NOTES, SQL_NOTES=0 */;
CREATE DATABASE /*!32312 IF NOT EXISTS*/`360hotel` /*!40100 DEFAULT CHARACTER SET utf8 */ /*!80016 DEFAULT ENCRYPTION='N' */;

USE `360hotel`;

/*Table structure for table `administrator` */

DROP TABLE IF EXISTS `administrator`;

CREATE TABLE `administrator` (
  `AdmId` varchar(10) NOT NULL,
  `aName` varchar(8) DEFAULT NULL,
  `aPassword` varchar(20) DEFAULT NULL,
  `aSex` varchar(2) DEFAULT NULL,
  `limit` varchar(20) DEFAULT NULL,
  PRIMARY KEY (`AdmId`)
) ENGINE=InnoDB DEFAULT CHARSET=utf8;

/*Data for the table `administrator` */

insert  into `administrator`(`AdmId`,`aName`,`aPassword`,`aSex`,`limit`) values ('0001','前台1','66666666','女','front'),('0002','前台2','66666666','女','front'),('001','经理','88888888','男','administrator'),('111','肖梦杰','111',NULL,'front'),('1111','备用','66666666','女','front');

/*Table structure for table `apartment` */

DROP TABLE IF EXISTS `apartment`;

CREATE TABLE `apartment` (
  `roomNum` char(4) NOT NULL,
  `price` int(5) NOT NULL,
  `state` tinyint(1) NOT NULL,
  PRIMARY KEY (`roomNum`)
) ENGINE=InnoDB DEFAULT CHARSET=utf8;

/*Data for the table `apartment` */

insert  into `apartment`(`roomNum`,`price`,`state`) values ('6001',108,0),('6002',108,1),('6003',108,0),('6005',108,1),('6006',108,0),('6007',108,1),('6008',108,1),('6009',108,0),('6010',108,0),('6011',108,0),('6012',108,0),('6013',108,0),('6015',108,0),('6016',108,0),('6017',108,0),('6018',108,0),('6019',108,0),('6020',108,0),('6021',108,0),('6022',168,0),('8001',108,0),('8002',108,0),('8003',108,0),('8005',108,0),('8006',108,0),('8007',108,0),('8008',108,0),('8009',108,0),('8010',108,0),('8011',108,0),('8012',108,0),('8013',108,0),('8015',108,0),('8016',108,0),('8017',108,0),('8018',108,0),('8019',108,0),('8020',108,0),('8022',128,0),('8023',128,0),('8025',168,0);

/*Table structure for table `bill` */

DROP TABLE IF EXISTS `bill`;

CREATE TABLE `bill` (
  `billId` int(11) NOT NULL AUTO_INCREMENT,
  `roomNum` char(4) NOT NULL,
  `inTime` datetime NOT NULL,
  `mineral` int(2) DEFAULT NULL,
  `pulsation` int(2) DEFAULT NULL,
  `greenTea` int(2) DEFAULT NULL,
  `tea` int(2) DEFAULT NULL,
  `noodles` int(2) DEFAULT NULL,
  `WLJJDB` int(2) DEFAULT NULL,
  PRIMARY KEY (`billId`),
  KEY `ck_bill_apartment` (`roomNum`),
  KEY `ck_bill_customer` (`inTime`),
  CONSTRAINT `ck_bill_apartment` FOREIGN KEY (`roomNum`) REFERENCES `apartment` (`roomNum`),
  CONSTRAINT `ck_bill_customer` FOREIGN KEY (`inTime`) REFERENCES `customer` (`inTime`)
) ENGINE=InnoDB AUTO_INCREMENT=214 DEFAULT CHARSET=utf8;

/*Data for the table `bill` */

insert  into `bill`(`billId`,`roomNum`,`inTime`,`mineral`,`pulsation`,`greenTea`,`tea`,`noodles`,`WLJJDB`) values (146,'6002','2020-01-23 19:04:38',NULL,NULL,NULL,NULL,NULL,NULL),(147,'6001','2020-01-23 19:04:38',NULL,NULL,NULL,NULL,NULL,NULL),(148,'6005','2020-01-24 10:17:14',NULL,NULL,NULL,2,NULL,NULL),(149,'6008','2020-01-24 11:07:24',NULL,NULL,1,1,NULL,NULL),(150,'6006','2020-01-24 12:13:11',NULL,1,NULL,1,NULL,NULL),(151,'6010','2020-01-24 12:14:07',NULL,1,NULL,NULL,1,1),(152,'6009','2020-01-24 12:20:56',NULL,NULL,NULL,NULL,1,NULL),(153,'6013','2020-01-24 12:21:12',NULL,NULL,NULL,NULL,NULL,NULL),(154,'6012','2020-01-24 12:22:47',NULL,NULL,NULL,NULL,NULL,NULL),(155,'6016','2020-01-24 12:23:02',NULL,NULL,NULL,NULL,NULL,NULL),(156,'6018','2020-01-24 13:44:15',NULL,NULL,NULL,NULL,NULL,NULL),(157,'6011','2020-01-31 15:29:33',NULL,NULL,NULL,NULL,NULL,NULL),(158,'6019','2020-01-31 15:30:53',NULL,NULL,NULL,NULL,NULL,NULL),(159,'6020','2020-01-31 15:34:02',NULL,NULL,NULL,NULL,NULL,NULL),(160,'6015','2020-01-31 15:34:02',NULL,NULL,NULL,NULL,1,NULL),(161,'6021','2020-01-31 15:45:25',NULL,NULL,NULL,NULL,NULL,NULL),(162,'6017','2020-01-31 15:52:23',NULL,NULL,NULL,NULL,NULL,NULL),(163,'8002','2020-02-04 19:52:00',NULL,NULL,NULL,NULL,NULL,NULL),(164,'8001','2020-02-04 19:54:53',NULL,NULL,NULL,NULL,NULL,NULL),(165,'8001','2020-02-04 07:54:53',NULL,NULL,NULL,NULL,NULL,NULL),(169,'6007','2020-02-09 20:42:22',NULL,NULL,NULL,NULL,NULL,NULL),(170,'6005','2020-02-10 16:31:37',NULL,NULL,NULL,2,NULL,NULL),(171,'6009','2020-02-11 13:09:52',NULL,NULL,NULL,NULL,1,NULL),(172,'6006','2020-02-21 13:41:51',NULL,1,NULL,1,NULL,NULL),(173,'6008','2020-02-21 13:42:35',NULL,NULL,1,1,NULL,NULL),(174,'6009','2020-02-21 13:42:35',NULL,NULL,NULL,NULL,NULL,NULL),(175,'6010','2020-02-21 13:42:35',NULL,1,NULL,NULL,1,1),(176,'6006','2020-02-22 14:53:35',NULL,1,NULL,1,NULL,NULL),(177,'6015','2020-02-22 14:53:35',NULL,NULL,NULL,NULL,1,NULL),(178,'6005','2020-02-22 14:53:58',NULL,NULL,NULL,2,NULL,NULL),(179,'6007','2020-02-22 14:53:58',NULL,NULL,NULL,NULL,NULL,NULL),(180,'6003','2020-02-22 15:09:39',NULL,1,NULL,NULL,2,NULL),(181,'6011','2020-02-22 15:09:39',NULL,NULL,NULL,NULL,NULL,NULL),(182,'6013','2020-02-22 15:10:42',NULL,NULL,NULL,NULL,NULL,NULL),(183,'6001','2020-02-22 15:11:19',NULL,NULL,NULL,NULL,NULL,NULL),(184,'6021','2020-02-22 15:11:48',NULL,NULL,NULL,NULL,NULL,NULL),(185,'6017','2020-02-22 15:15:58',NULL,NULL,NULL,NULL,NULL,NULL),(186,'6019','2020-02-22 15:16:10',NULL,NULL,NULL,NULL,NULL,NULL),(187,'6016','2020-02-23 15:22:15',NULL,NULL,NULL,NULL,NULL,NULL),(188,'8002','2020-02-23 15:24:47',NULL,NULL,NULL,NULL,NULL,NULL),(189,'6020','2020-02-24 14:06:48',1,2,0,0,0,1),(190,'6001','2020-02-25 21:09:32',NULL,NULL,NULL,NULL,NULL,NULL),(191,'6002','2020-02-25 21:09:32',NULL,NULL,NULL,NULL,NULL,NULL),(192,'6003','2020-02-25 21:09:32',NULL,1,NULL,NULL,2,NULL),(193,'6006','2020-02-25 21:09:32',NULL,NULL,NULL,NULL,NULL,NULL),(194,'6006','2020-02-26 20:02:30',NULL,NULL,NULL,NULL,NULL,NULL),(195,'6002','2020-04-24 11:34:37',NULL,NULL,NULL,NULL,NULL,NULL),(196,'6005','2020-05-10 22:37:18',NULL,NULL,NULL,2,NULL,NULL),(197,'6003','2020-05-10 22:37:18',NULL,1,NULL,NULL,2,NULL),(198,'6001','2020-07-25 09:03:25',NULL,NULL,NULL,NULL,NULL,NULL),(199,'6002','2020-07-25 09:48:20',NULL,NULL,NULL,NULL,NULL,NULL),(200,'6003','2020-07-25 09:49:02',NULL,NULL,NULL,NULL,NULL,NULL),(201,'6005','2020-07-25 09:49:02',NULL,NULL,NULL,NULL,NULL,NULL),(202,'6006','2020-07-25 09:49:02',NULL,NULL,NULL,NULL,NULL,NULL),(203,'6011','2020-07-25 10:26:03',NULL,NULL,NULL,NULL,NULL,NULL),(204,'6012','2020-07-25 10:27:43',NULL,NULL,NULL,NULL,NULL,NULL),(205,'6008','2020-07-25 10:29:18',NULL,NULL,NULL,NULL,NULL,NULL),(206,'6010','2020-07-25 10:32:03',NULL,NULL,NULL,NULL,NULL,NULL),(207,'6007','2020-07-25 11:09:32',NULL,NULL,NULL,NULL,NULL,NULL),(208,'6013','2020-07-25 14:34:30',NULL,NULL,NULL,NULL,NULL,NULL),(209,'6017','2020-07-25 14:34:30',NULL,NULL,NULL,NULL,NULL,NULL),(210,'6005','2020-07-26 13:38:54',NULL,NULL,NULL,NULL,NULL,NULL),(211,'6008','2020-07-26 13:38:54',NULL,NULL,NULL,NULL,NULL,NULL),(212,'6007','2020-07-26 13:40:58',NULL,NULL,NULL,NULL,NULL,NULL),(213,'6002','2020-07-26 13:40:58',NULL,NULL,NULL,NULL,NULL,NULL);

/*Table structure for table `customer` */

DROP TABLE IF EXISTS `customer`;

CREATE TABLE `customer` (
  `inTime` datetime NOT NULL,
  `cName` varchar(30) CHARACTER SET utf8 COLLATE utf8_general_ci NOT NULL,
  `cardID` char(20) CHARACTER SET utf8 COLLATE utf8_general_ci DEFAULT NULL,
  `cSex` varchar(2) DEFAULT NULL,
  `roomNum` varchar(1000) CHARACTER SET utf8 COLLATE utf8_general_ci DEFAULT NULL,
  `chargeAndDeposit` int(5) DEFAULT NULL,
  `paymentMethod` varchar(10) DEFAULT NULL,
  PRIMARY KEY (`inTime`)
) ENGINE=InnoDB DEFAULT CHARSET=utf8;

/*Data for the table `customer` */

insert  into `customer`(`inTime`,`cName`,`cardID`,`cSex`,`roomNum`,`chargeAndDeposit`,`paymentMethod`) values ('2020-01-23 19:04:38','肖梦杰','420621199901092712',NULL,'6002,6001',416,''),('2020-01-24 10:17:14','1',NULL,NULL,'6005',200,''),('2020-01-24 11:07:24','1',NULL,NULL,'6008',200,''),('2020-01-24 12:13:11','3',NULL,NULL,'6006',208,''),('2020-01-24 12:14:07','4',NULL,NULL,'6010',208,''),('2020-01-24 12:20:56','5',NULL,NULL,'6009',208,''),('2020-01-24 12:21:12','6',NULL,NULL,'6013',308,''),('2020-01-24 12:22:47','3',NULL,NULL,'6012',208,''),('2020-01-24 12:23:02','6',NULL,NULL,'6016',508,''),('2020-01-24 13:44:15','3',NULL,NULL,'6018',408,''),('2020-01-31 15:29:33','是',NULL,NULL,'6011',208,''),('2020-01-31 15:30:53','的',NULL,NULL,'6019',208,''),('2020-01-31 15:34:02','3',NULL,NULL,'6020,6015',208,''),('2020-01-31 15:45:25','是',NULL,NULL,'6021',208,''),('2020-01-31 15:52:23','i',NULL,NULL,'6017',208,''),('2020-02-04 07:54:53','1',NULL,NULL,'8001',209,NULL),('2020-02-04 19:52:00','撒',NULL,NULL,'8002',208,''),('2020-02-04 19:54:53','你',NULL,NULL,'8001',208,''),('2020-02-09 20:42:22','是',NULL,NULL,'6007',200,NULL),('2020-02-10 16:31:37','肖',NULL,NULL,'6005',208,''),('2020-02-11 13:09:52','马云',NULL,NULL,'6009',208,''),('2020-02-21 13:41:51','肖',NULL,NULL,'6006',208,''),('2020-02-21 13:42:35','交',NULL,NULL,'6008,6009,6010',408,''),('2020-02-22 14:53:35','按时',NULL,NULL,'6006,6015',508,''),('2020-02-22 14:53:58','把',NULL,NULL,'6005,6007',508,''),('2020-02-22 15:09:39','肖',NULL,NULL,'6003,6011',600,'undefined'),('2020-02-22 15:10:42','的',NULL,NULL,'6013',200,'undefined'),('2020-02-22 15:11:19','间',NULL,NULL,'6001',200,'undefined'),('2020-02-22 15:11:48','额',NULL,NULL,'6021',200,'undefined'),('2020-02-22 15:15:58','到',NULL,NULL,'6017',200,'undefined'),('2020-02-22 15:16:10','爱上',NULL,NULL,'6019',200,'undefined'),('2020-02-23 15:22:15','肖',NULL,NULL,'6016',200,'undefined'),('2020-02-23 15:24:47','咋',NULL,NULL,'8002',200,''),('2020-02-24 14:06:48','Ciudad',NULL,NULL,'6020',200,''),('2020-02-25 21:09:32','去',NULL,NULL,'6001,6002,6003,6006',200,''),('2020-02-26 20:02:30','s',NULL,NULL,'6006',200,''),('2020-04-24 11:34:37','人',NULL,NULL,'6002',200,''),('2020-05-10 22:37:18','宅',NULL,NULL,'6005,6003',600,'现金'),('2020-07-25 09:03:25','迪丽热巴',NULL,NULL,'6001',200,''),('2020-07-25 09:48:20','安静',NULL,NULL,'6002',200,''),('2020-07-25 09:49:02','222',NULL,NULL,'6003,6005,6006',600,''),('2020-07-25 10:26:03','12',NULL,NULL,'6011',0,''),('2020-07-25 10:27:43','肖梦杰',NULL,NULL,'6012',0,''),('2020-07-25 10:29:18','肖梦姐姐',NULL,NULL,'6008',0,''),('2020-07-25 10:32:03','肖梦杰',NULL,NULL,'6010',0,''),('2020-07-25 11:09:32','12',NULL,NULL,'6007',0,''),('2020-07-25 14:34:30','肖',NULL,NULL,'6013,6017,',0,''),('2020-07-26 13:38:54','低昂',NULL,NULL,'6005,6008,',0,''),('2020-07-26 13:40:58','内部',NULL,NULL,'6007,6002,',800,'');

/*Table structure for table `expense` */

DROP TABLE IF EXISTS `expense`;

CREATE TABLE `expense` (
  `kinds` varchar(20) NOT NULL,
  `name` varchar(20) DEFAULT NULL,
  `price` int(5) NOT NULL,
  PRIMARY KEY (`kinds`)
) ENGINE=InnoDB DEFAULT CHARSET=utf8;

/*Data for the table `expense` */

insert  into `expense`(`kinds`,`name`,`price`) values ('DefaultPrice','默认收款',208),('greenTea','绿茶',4),('HourRoom','钟点房',50),('mineral','矿泉水',2),('noodles','泡面',5),('pulsation','脉动',5),('tea','茶叶',5),('WLJJDB','王老吉/加多宝',5);

/*!40101 SET SQL_MODE=@OLD_SQL_MODE */;
/*!40014 SET FOREIGN_KEY_CHECKS=@OLD_FOREIGN_KEY_CHECKS */;
/*!40014 SET UNIQUE_CHECKS=@OLD_UNIQUE_CHECKS */;
/*!40111 SET SQL_NOTES=@OLD_SQL_NOTES */;
